Workbook

Sheet Dashboard
A1: a
C3: Maize Intake Quality Risk Analyser | G3: Built by Nhambe DB 2026
C5: Total Batches | D5: =COUNTA([1]Intake_log!C4:C18) -> 15
C6: Total Accepted | D6: =COUNTIF(Intake_log!W4:W18,"ACCEPT") -> 8
C7: Total Rejected | D7: =COUNTIF(Intake_log!W4:W18,"REJECT") -> 7
C8: Average moisture | D8: =AVERAGE(Intake_log!H4:H18) -> 12.733333
D11: Top 5 Highest Risk Batches
C13: Batch_ID | D13: Farmer_Name | E13: Province | F13: Total_Risk_Score | G13: Decision
C14: =INDEX(Risk_Scoring!$C$4:$C$18,MATCH(F14,Risk_Scoring!$F$4:$F$18,0)) -> B010 | D14: =INDEX(Risk_Scoring!$D$4:$D$18,MATCH(F14,Risk_Scoring!$F$4:$F$18,0)) -> Maria Sekgobela | E14: =INDEX(Risk_Scoring!$E$4:$E$18,MATCH(F14,Risk_Scoring!$F$4:$F$18,0)) -> Limpopo | F14: =LARGE(Risk_Scoring!$F$4:$F$18,1) -> 14 | G14: =INDEX(Risk_Scoring!$G$4:$G$18,MATCH(F14,Risk_Scoring!$F$4:$F$18,0)) -> REJECT
C15: =INDEX(Risk_Scoring!$C$4:$C$18,MATCH(F15,Risk_Scoring!$F$4:$F$18,0)) -> B004 | D15: =INDEX(Risk_Scoring!$D$4:$D$18,MATCH(F15,Risk_Scoring!$F$4:$F$18,0)) -> Thembi Mokoena | E15: =INDEX(Risk_Scoring!$E$4:$E$18,MATCH(F15,Risk_Scoring!$F$4:$F$18,0)) -> Limpopo | F15: =LARGE(Risk_Scoring!$F$4:$F$18,2) -> 13 | G15: =INDEX(Risk_Scoring!$G$4:$G$18,MATCH(F15,Risk_Scoring!$F$4:$F$18,1)) -> REJECT
C16: =INDEX(Risk_Scoring!$C$4:$C$18,MATCH(F16,Risk_Scoring!$F$4:$F$18,0)) -> B015 | D16: =INDEX(Risk_Scoring!$D$4:$D$18,MATCH(F16,Risk_Scoring!$F$4:$F$18,0)) -> Bongani Ntuli | E16: =INDEX(Risk_Scoring!$E$4:$E$18,MATCH(F16,Risk_Scoring!$F$4:$F$18,0)) -> Gauteng | F16: =LARGE(Risk_Scoring!$F$4:$F$18,3) -> 10 | G16: =INDEX(Risk_Scoring!$G$4:$G$18,MATCH(F16,Risk_Scoring!$F$4:$F$18,2)) -> REJECT
C17: =INDEX(Risk_Scoring!$C$4:$C$18,MATCH(F17,Risk_Scoring!$F$4:$F$18,0)) -> B012 | D17: =INDEX(Risk_Scoring!$D$4:$D$18,MATCH(F17,Risk_Scoring!$F$4:$F$18,0)) -> Precious Mahlangu | E17: =INDEX(Risk_Scoring!$E$4:$E$18,MATCH(F17,Risk_Scoring!$F$4:$F$18,0)) -> Mpumalanga | F17: =LARGE(Risk_Scoring!$F$4:$F$18,4) -> 8 | G17: =INDEX(Risk_Scoring!$G$4:$G$18,MATCH(F17,Risk_Scoring!$F$4:$F$18,3)) -> REJECT
C18: =INDEX(Risk_Scoring!$C$4:$C$18,MATCH(F18,Risk_Scoring!$F$4:$F$18,0)) -> B002 | D18: =INDEX(Risk_Scoring!$D$4:$D$18,MATCH(F18,Risk_Scoring!$F$4:$F$18,0)) -> Nomsa Khumalo | E18: =INDEX(Risk_Scoring!$E$4:$E$18,MATCH(F18,Risk_Scoring!$F$4:$F$18,0)) -> KwaZulu-Natal | F18: =LARGE(Risk_Scoring!$F$4:$F$18,5) -> 7 | G18: =INDEX(Risk_Scoring!$G$4:$G$18,MATCH(F18,Risk_Scoring!$F$4:$F$18,0)) -> REJECT
D40: Farmer Batch Lookup
C42: Select Farmer | D42: Batch_ID | E42: Province | F42: Quantity (tons) | G42: Moisture (%) | H42: Risk Score | I42: Decision
C43: Zanele Mthembu | D43: =INDEX(Intake_log!$C$4:$C$18,MATCH(C43,Intake_log!$D$4:$D$18,0)) -> B008 | E43: =INDEX(Intake_log!$F$4:$F$18,MATCH(C43,Intake_log!$D$4:$D$18,0)) -> KwaZulu-Natal | F43: =INDEX(Intake_log!$G$4:$G$18,MATCH(C43,Intake_log!$D$4:$D$18,0)) -> 7.5 | G43: =INDEX(Intake_log!$H$4:$H$18,MATCH(C43,Intake_log!$D$4:$D$18,0)) -> 12.8 | H43: =INDEX(Intake_log!$V$4:$V$18,MATCH(C43,Intake_log!$D$4:$D$18,0)) -> 6 | I43: =INDEX(Intake_log!$W$4:$W$18,MATCH(C43,Intake_log!$D$4:$D$18,0)) -> REJECT

Sheet Intake_log
C3: Batch ID | D3: Farmer Name | E3: Date Received | F3: Province | G3: Quantity (tons) | H3: Moisture (%) | I3: Broken Kernels (%) | J3: Discoloured (%) | K3: Foreign Matter (%) | L3: Mouldy (%) | M3: Insect Damage (%) | N3: Aflatoxin (ppb) | O3: Moisture Score | P3: Broken Kernels Score | Q3: Discoloured Score | R3: Foreign Matter Score | S3: Mouldy Score | T3: Insect Damage Score | U3: Aflatoxin Score | V3: Total Risk Score | W3: Decision
C4: B001 | D4: Sipho Dlamini | E4: 01/03/2025 | F4: Mpumalanga | G4: 12.5 | H4: 11.8 | I4: 2.1 | J4: 1.8 | K4: 0.6 | L4: 0.4 | M4: 0.8 | N4: 8 | O4: =IF(H4<12.5,0,IF(H4<=14,1,2)) -> 0 | P4: =IF(I4<3,0,IF(I4<=6,1,2)) -> 0 | Q4: =IF(J4<3,0,IF(J4<=5,1,2)) -> 0 | R4: =IF(K4<1,0,IF(K4<=2,1,2)) -> 0 | S4: =IF(L4<1,0,IF(L4<=3,1,2)) -> 0 | T4: =IF(M4<1,0,IF(M4<=2.5,1,2)) -> 0 | U4: =IF(N4<10,0,IF(N4<=20,1,2)) -> 0 | V4: =SUM(O4:U4) -> 0 | W4: =IF(V4<=2,"ACCEPT",IF(V4<=5,"CONDITIONAL","REJECT")) -> ACCEPT
C5: B002 | D5: Nomsa Khumalo | E5: 02/03/2025 | F5: KwaZulu-Natal | G5: 8 | H5: 13.2 | I5: 4.5 | J5: 3.8 | K5: 1.4 | L5: 1.1 | M5: 1.3 | N5: 12 | O5: =IF(H5<12.5,0,IF(H5<=14,1,2)) -> 1 | P5: =IF(I5<3,0,IF(I5<=6,1,2)) -> 1 | Q5: =IF(J5<3,0,IF(J5<=5,1,2)) -> 1 | R5: =IF(K5<1,0,IF(K5<=2,1,2)) -> 1 | S5: =IF(L5<1,0,IF(L5<=3,1,2)) -> 1 | T5: =IF(M5<1,0,IF(M5<=2.5,1,2)) -> 1 | U5: =IF(N5<10,0,IF(N5<=20,1,2)) -> 1 | V5: =SUM(O5:U5) -> 7 | W5: =IF(V5<=2,"ACCEPT",IF(V5<=5,"CONDITIONAL","REJECT")) -> REJECT
C6: B003 | D6: Petrus van Wyk | E6: 03/03/2025 | F6: Free State | G6: 20 | H6: 11.2 | I6: 1.8 | J6: 2.1 | K6: 0.5 | L6: 0.3 | M6: 0.6 | N6: 7 | O6: =IF(H6<12.5,0,IF(H6<=14,1,2)) -> 0 | P6: =IF(I6<3,0,IF(I6<=6,1,2)) -> 0 | Q6: =IF(J6<3,0,IF(J6<=5,1,2)) -> 0 | R6: =IF(K6<1,0,IF(K6<=2,1,2)) -> 0 | S6: =IF(L6<1,0,IF(L6<=3,1,2)) -> 0 | T6: =IF(M6<1,0,IF(M6<=2.5,1,2)) -> 0 | U6: =IF(N6<10,0,IF(N6<=20,1,2)) -> 0 | V6: =SUM(O6:U6) -> 0 | W6: =IF(V6<=2,"ACCEPT",IF(V6<=5,"CONDITIONAL","REJECT")) -> ACCEPT
C7: B004 | D7: Thembi Mokoena | E7: 04/03/2025 | F7: Limpopo | G7: 6.5 | H7: 14.8 | I7: 7.2 | J7: 5.6 | K7: 2.3 | L7: 3.2 | M7: 2.1 | N7: 22 | O7: =IF(H7<12.5,0,IF(H7<=14,1,2)) -> 2 | P7: =IF(I7<3,0,IF(I7<=6,1,2)) -> 2 | Q7: =IF(J7<3,0,IF(J7<=5,1,2)) -> 2 | R7: =IF(K7<1,0,IF(K7<=2,1,2)) -> 2 | S7: =IF(L7<1,0,IF(L7<=3,1,2)) -> 2 | T7: =IF(M7<1,0,IF(M7<=2.5,1,2)) -> 1 | U7: =IF(N7<10,0,IF(N7<=20,1,2)) -> 2 | V7: =SUM(O7:U7) -> 13 | W7: =IF(V7<=2,"ACCEPT",IF(V7<=5,"CONDITIONAL","REJECT")) -> REJECT
C8: B005 | D8: Johannes Sithole | E8: 05/03/2025 | F8: Mpumalanga | G8: 15 | H8: 12.1 | I8: 2.8 | J8: 2.4 | K8: 0.9 | L8: 0.7 | M8: 1 | N8: 9 | O8: =IF(H8<12.5,0,IF(H8<=14,1,2)) -> 0 | P8: =IF(I8<3,0,IF(I8<=6,1,2)) -> 0 | Q8: =IF(J8<3,0,IF(J8<=5,1,2)) -> 0 | R8: =IF(K8<1,0,IF(K8<=2,1,2)) -> 0 | S8: =IF(L8<1,0,IF(L8<=3,1,2)) -> 0 | T8: =IF(M8<1,0,IF(M8<=2.5,1,2)) -> 1 | U8: =IF(N8<10,0,IF(N8<=20,1,2)) -> 0 | V8: =SUM(O8:U8) -> 1 | W8: =IF(V8<=2,"ACCEPT",IF(V8<=5,"CONDITIONAL","REJECT")) -> ACCEPT
C9: B006 | D9: Lindiwe Nkosi | E9: 06/03/2025 | F9: Gauteng | G9: 9 | H9: 13.8 | I9: 5.1 | J9: 4.2 | K9: 1.8 | L9: 2.1 | M9: 1.6 | N9: 18 | O9: =IF(H9<12.5,0,IF(H9<=14,1,2)) -> 1 | P9: =IF(I9<3,0,IF(I9<=6,1,2)) -> 1 | Q9: =IF(J9<3,0,IF(J9<=5,1,2)) -> 1 | R9: =IF(K9<1,0,IF(K9<=2,1,2)) -> 1 | S9: =IF(L9<1,0,IF(L9<=3,1,2)) -> 1 | T9: =IF(M9<1,0,IF(M9<=2.5,1,2)) -> 1 | U9: =IF(N9<10,0,IF(N9<=20,1,2)) -> 1 | V9: =SUM(O9:U9) -> 7 | W9: =IF(V9<=2,"ACCEPT",IF(V9<=5,"CONDITIONAL","REJECT")) -> REJECT
C10: B007 | D10: Kobus Pretorius | E10: 07/03/2025 | F10: North West | G10: 18.5 | H10: 11.5 | I10: 1.5 | J10: 1.9 | K10: 0.4 | L10: 0.3 | M10: 0.5 | N10: 6 | O10: =IF(H10<12.5,0,IF(H10<=14,1,2)) -> 0 | P10: =IF(I10<3,0,IF(I10<=6,1,2)) -> 0 | Q10: =IF(J10<3,0,IF(J10<=5,1,2)) -> 0 | R10: =IF(K10<1,0,IF(K10<=2,1,2)) -> 0 | S10: =IF(L10<1,0,IF(L10<=3,1,2)) -> 0 | T10: =IF(M10<1,0,IF(M10<=2.5,1,2)) -> 0 | U10: =IF(N10<10,0,IF(N10<=20,1,2)) -> 0 | V10: =SUM(O10:U10) -> 0 | W10: =IF(V10<=2,"ACCEPT",IF(V10<=5,"CONDITIONAL","REJECT")) -> ACCEPT
C11: B008 | D11: Zanele Mthembu | E11: 08/03/2025 | F11: KwaZulu-Natal | G11: 7.5 | H11: 12.8 | I11: 3.6 | J11: 3.1 | K11: 1.2 | L11: 0.9 | M11: 1.1 | N11: 11 | O11: =IF(H11<12.5,0,IF(H11<=14,1,2)) -> 1 | P11: =IF(I11<3,0,IF(I11<=6,1,2)) -> 1 | Q11: =IF(J11<3,0,IF(J11<=5,1,2)) -> 1 | R11: =IF(K11<1,0,IF(K11<=2,1,2)) -> 1 | S11: =IF(L11<1,0,IF(L11<=3,1,2)) -> 0 | T11: =IF(M11<1,0,IF(M11<=2.5,1,2)) -> 1 | U11: =IF(N11<10,0,IF(N11<=20,1,2)) -> 1 | V11: =SUM(O11:U11) -> 6 | W11: =IF(V11<=2,"ACCEPT",IF(V11<=5,"CONDITIONAL","REJECT")) -> REJECT
C12: B009 | D12: Andile Cele | E12: 09/03/2025 | F12: Eastern Cape | G12: 11 | H12: 11.9 | I12: 2.2 | J12: 2 | K12: 0.7 | L12: 0.5 | M12: 0.7 | N12: 8 | O12: =IF(H12<12.5,0,IF(H12<=14,1,2)) -> 0 | P12: =IF(I12<3,0,IF(I12<=6,1,2)) -> 0 | Q12: =IF(J12<3,0,IF(J12<=5,1,2)) -> 0 | R12: =IF(K12<1,0,IF(K12<=2,1,2)) -> 0 | S12: =IF(L12<1,0,IF(L12<=3,1,2)) -> 0 | T12: =IF(M12<1,0,IF(M12<=2.5,1,2)) -> 0 | U12: =IF(N12<10,0,IF(N12<=20,1,2)) -> 0 | V12: =SUM(O12:U12) -> 0 | W12: =IF(V12<=2,"ACCEPT",IF(V12<=5,"CONDITIONAL","REJECT")) -> ACCEPT
C13: B010 | D13: Maria Sekgobela | E13: 10/03/2025 | F13: Limpopo | G13: 5.5 | H13: 15.2 | I13: 8.4 | J13: 6.1 | K13: 2.8 | L13: 3.8 | M13: 2.6 | N13: 25 | O13: =IF(H13<12.5,0,IF(H13<=14,1,2)) -> 2 | P13: =IF(I13<3,0,IF(I13<=6,1,2)) -> 2 | Q13: =IF(J13<3,0,IF(J13<=5,1,2)) -> 2 | R13: =IF(K13<1,0,IF(K13<=2,1,2)) -> 2 | S13: =IF(L13<1,0,IF(L13<=3,1,2)) -> 2 | T13: =IF(M13<1,0,IF(M13<=2.5,1,2)) -> 2 | U13: =IF(N13<10,0,IF(N13<=20,1,2)) -> 2 | V13: =SUM(O13:U13) -> 14 | W13: =IF(V13<=2,"ACCEPT",IF(V13<=5,"CONDITIONAL","REJECT")) -> REJECT
C14: B011 | D14: Frikkie Botha | E14: 11/03/2025 | F14: Free State | G14: 22 | H14: 11.1 | I14: 1.6 | J14: 1.7 | K14: 0.5 | L14: 0.2 | M14: 0.4 | N14: 6 | O14: =IF(H14<12.5,0,IF(H14<=14,1,2)) -> 0 | P14: =IF(I14<3,0,IF(I14<=6,1,2)) -> 0 | Q14: =IF(J14<3,0,IF(J14<=5,1,2)) -> 0 | R14: =IF(K14<1,0,IF(K14<=2,1,2)) -> 0 | S14: =IF(L14<1,0,IF(L14<=3,1,2)) -> 0 | T14: =IF(M14<1,0,IF(M14<=2.5,1,2)) -> 0 | U14: =IF(N14<10,0,IF(N14<=20,1,2)) -> 0 | V14: =SUM(O14:U14) -> 0 | W14: =IF(V14<=2,"ACCEPT",IF(V14<=5,"CONDITIONAL","REJECT")) -> ACCEPT
C15: B012 | D15: Precious Mahlangu | E15: 12/03/2025 | F15: Mpumalanga | G15: 8.5 | H15: 13.5 | I15: 4.8 | J15: 4 | K15: 1.6 | L15: 1.8 | M15: 1.5 | N15: 21 | O15: =IF(H15<12.5,0,IF(H15<=14,1,2)) -> 1 | P15: =IF(I15<3,0,IF(I15<=6,1,2)) -> 1 | Q15: =IF(J15<3,0,IF(J15<=5,1,2)) -> 1 | R15: =IF(K15<1,0,IF(K15<=2,1,2)) -> 1 | S15: =IF(L15<1,0,IF(L15<=3,1,2)) -> 1 | T15: =IF(M15<1,0,IF(M15<=2.5,1,2)) -> 1 | U15: =IF(N15<10,0,IF(N15<=20,1,2)) -> 2 | V15: =SUM(O15:U15) -> 8 | W15: =IF(V15<=2,"ACCEPT",IF(V15<=5,"CONDITIONAL","REJECT")) -> REJECT
... C18: B015 | D18: Bongani Ntuli | E18: 15/03/2025 | F18: Gauteng | G18: 10 | H18: 14.1 | I18: 6.3 | J18: 4.8 | K18: 2.1 | L18: 2.6 | M18: 1.9 | N18: 20 | O18: =IF(H18<12.5,0,IF(H18<=14,1,2)) -> 2 | P18: =IF(I18<3,0,IF(I18<=6,1,2)) -> 2 | Q18: =IF(J18<3,0,IF(J18<=5,1,2)) -> 1 | R18: =IF(K18<1,0,IF(K18<=2,1,2)) -> 2 | S18: =IF(L18<1,0,IF(L18<=3,1,2)) -> 1 | T18: =IF(M18<1,0,IF(M18<=2.5,1,2)) -> 1 | U18: =IF(N18<10,0,IF(N18<=20,1,2)) -> 1 | V18: =SUM(O18:U18) -> 10 | W18: =IF(V18<=2,"ACCEPT",IF(V18<=5,"CONDITIONAL","REJECT")) -> REJECT

Sheet Risk_Scoring
C3: Batch ID | D3: Farmer Name | E3: Province | F3: Total | G3: Decision | H3: Risk Level
C4: =Intake_log!C4 -> B001 | D4: =Intake_log!D4 -> Sipho Dlamini | E4: =Intake_log!F4 -> Mpumalanga | F4: =Intake_log!V4 -> 0 | G4: =Intake_log!W4 -> ACCEPT | H4: =IF(F4<=2,"LOW",IF(F4<=5,"MEDIUM","HIGH")) -> LOW
C5: =Intake_log!C5 -> B002 | D5: =Intake_log!D5 -> Nomsa Khumalo | E5: =Intake_log!F5 -> KwaZulu-Natal | F5: =Intake_log!V5 -> 7 | G5: =Intake_log!W5 -> REJECT | H5: =IF(F5<=2,"LOW",IF(F5<=5,"MEDIUM","HIGH")) -> HIGH
C6: =Intake_log!C6 -> B003 | D6: =Intake_log!D6 -> Petrus van Wyk | E6: =Intake_log!F6 -> Free State | F6: =Intake_log!V6 -> 0 | G6: =Intake_log!W6 -> ACCEPT | H6: =IF(F6<=2,"LOW",IF(F6<=5,"MEDIUM","HIGH")) -> LOW
C7: =Intake_log!C7 -> B004 | D7: =Intake_log!D7 -> Thembi Mokoena | E7: =Intake_log!F7 -> Limpopo | F7: =Intake_log!V7 -> 13 | G7: =Intake_log!W7 -> REJECT | H7: =IF(F7<=2,"LOW",IF(F7<=5,"MEDIUM","HIGH")) -> HIGH
C8: =Intake_log!C8 -> B005 | D8: =Intake_log!D8 -> Johannes Sithole | E8: =Intake_log!F8 -> Mpumalanga | F8: =Intake_log!V8 -> 1 | G8: =Intake_log!W8 -> ACCEPT | H8: =IF(F8<=2,"LOW",IF(F8<=5,"MEDIUM","HIGH")) -> LOW
C9: =Intake_log!C9 -> B006 | D9: =Intake_log!D9 -> Lindiwe Nkosi | E9: =Intake_log!F9 -> Gauteng | F9: =Intake_log!V9 -> 7 | G9: =Intake_log!W9 -> REJECT | H9: =IF(F9<=2,"LOW",IF(F9<=5,"MEDIUM","HIGH")) -> HIGH
C10: =Intake_log!C10 -> B007 | D10: =Intake_log!D10 -> Kobus Pretorius | E10: =Intake_log!F10 -> North West | F10: =Intake_log!V10 -> 0 | G10: =Intake_log!W10 -> ACCEPT | H10: =IF(F10<=2,"LOW",IF(F10<=5,"MEDIUM","HIGH")) -> LOW
C11: =Intake_log!C11 -> B008 | D11: =Intake_log!D11 -> Zanele Mthembu | E11: =Intake_log!F11 -> KwaZulu-Natal | F11: =Intake_log!V11 -> 6 | G11: =Intake_log!W11 -> REJECT | H11: =IF(F11<=2,"LOW",IF(F11<=5,"MEDIUM","HIGH")) -> HIGH
C12: =Intake_log!C12 -> B009 | D12: =Intake_log!D12 -> Andile Cele | E12: =Intake_log!F12 -> Eastern Cape | F12: =Intake_log!V12 -> 0 | G12: =Intake_log!W12 -> ACCEPT | H12: =IF(F12<=2,"LOW",IF(F12<=5,"MEDIUM","HIGH")) -> LOW
C13: =Intake_log!C13 -> B010 | D13: =Intake_log!D13 -> Maria Sekgobela | E13: =Intake_log!F13 -> Limpopo | F13: =Intake_log!V13 -> 14 | G13: =Intake_log!W13 -> REJECT | H13: =IF(F13<=2,"LOW",IF(F13<=5,"MEDIUM","HIGH")) -> HIGH
C14: =Intake_log!C14 -> B011 | D14: =Intake_log!D14 -> Frikkie Botha | E14: =Intake_log!F14 -> Free State | F14: =Intake_log!V14 -> 0 | G14: =Intake_log!W14 -> ACCEPT | H14: =IF(F14<=2,"LOW",IF(F14<=5,"MEDIUM","HIGH")) -> LOW
C15: =Intake_log!C15 -> B012 | D15: =Intake_log!D15 -> Precious Mahlangu | E15: =Intake_log!F15 -> Mpumalanga | F15: =Intake_log!V15 -> 8 | G15: =Intake_log!W15 -> REJECT | H15: =IF(F15<=2,"LOW",IF(F15<=5,"MEDIUM","HIGH")) -> HIGH
... C18: =Intake_log!C18 -> B015 | D18: =Intake_log!D18 -> Bongani Ntuli | E18: =Intake_log!F18 -> Gauteng | F18: =Intake_log!V18 -> 10 | G18: =Intake_log!W18 -> REJECT | H18: =IF(F18<=2,"LOW",IF(F18<=5,"MEDIUM","HIGH")) -> HIGH

Sheet Lookup_Table
C3: Dataset: Maize Intake Quality — Simulated SA Agribusiness Data (2025)
C5: Batch ID | D5: Farmer Name | E5: Date | F5: Province | G5: Quantity (tons) | H5: Moisture (%) | I5: Broken Kernels (%) | J5: Discoloured (%) | K5: Foreign Matter (%) | L5: Mouldy (%) | M5: Insect Damage (%) | N5: Aflatoxin (ppb)
C6: B001 | D6: Sipho Dlamini | E6: 01/03/2025 | F6: Mpumalanga | G6: 12.5 | H6: 11.8 | I6: 2.1 | J6: 1.8 | K6: 0.6 | L6: 0.4 | M6: 0.8 | N6: 8
C7: B002 | D7: Nomsa Khumalo | E7: 02/03/2025 | F7: KwaZulu-Natal | G7: 8.0 | H7: 13.2 | I7: 4.5 | J7: 3.8 | K7: 1.4 | L7: 1.1 | M7: 1.3 | N7: 12
C8: B003 | D8: Petrus van Wyk | E8: 03/03/2025 | F8: Free State | G8: 20.0 | H8: 11.2 | I8: 1.8 | J8: 2.1 | K8: 0.5 | L8: 0.3 | M8: 0.6 | N8: 7
C9: B004 | D9: Thembi Mokoena | E9: 04/03/2025 | F9: Limpopo | G9: 6.5 | H9: 14.8 | I9: 7.2 | J9: 5.6 | K9: 2.3 | L9: 3.2 | M9: 2.1 | N9: 22
C10: B005 | D10: Johannes Sithole | E10: 05/03/2025 | F10: Mpumalanga | G10: 15.0 | H10: 12.1 | I10: 2.8 | J10: 2.4 | K10: 0.9 | L10: 0.7 | M10: 1.0 | N10: 9
C11: B006 | D11: Lindiwe Nkosi | E11: 06/03/2025 | F11: Gauteng | G11: 9.0 | H11: 13.8 | I11: 5.1 | J11: 4.2 | K11: 1.8 | L11: 2.1 | M11: 1.6 | N11: 18
C12: B007 | D12: Kobus Pretorius | E12: 07/03/2025 | F12: North West | G12: 18.5 | H12: 11.5 | I12: 1.5 | J12: 1.9 | K12: 0.4 | L12: 0.3 | M12: 0.5 | N12: 6
C13: B008 | D13: Zanele Mthembu | E13: 08/03/2025 | F13: KwaZulu-Natal | G13: 7.5 | H13: 12.8 | I13: 3.6 | J13: 3.1 | K13: 1.2 | L13: 0.9 | M13: 1.1 | N13: 11
C14: B009 | D14: Andile Cele | E14: 09/03/2025 | F14: Eastern Cape | G14: 11.0 | H14: 11.9 | I14: 2.2 | J14: 2.0 | K14: 0.7 | L14: 0.5 | M14: 0.7 | N14: 8
C15: B010 | D15: Maria Sekgobela | E15: 10/03/2025 | F15: Limpopo | G15: 5.5 | H15: 15.2 | I15: 8.4 | J15: 6.1 | K15: 2.8 | L15: 3.8 | M15: 2.6 | N15: 25
C16: B011 | D16: Frikkie Botha | E16: 11/03/2025 | F16: Free State | G16: 22.0 | H16: 11.1 | I16: 1.6 | J16: 1.7 | K16: 0.5 | L16: 0.2 | M16: 0.4 | N16: 6
C17: B012 | D17: Precious Mahlangu | E17: 12/03/2025 | F17: Mpumalanga | G17: 8.5 | H17: 13.5 | I17: 4.8 | J17: 4.0 | K17: 1.6 | L17: 1.8 | M17: 1.5 | N17: 16
... C20: B015 | D20: Bongani Ntuli | E20: 15/03/2025 | F20: Gauteng | G20: 10.0 | H20: 14.1 | I20: 6.3 | J20: 4.8 | K20: 2.1 | L20: 2.6 | M20: 1.9 | N20: 20
C24: Quality Thresholds to build your Lookup Table:
C26: Parameter | D26: Acceptable | E26: Borderline | F26: Reject
C27: Moisture (%) | D27: < 12.5 | E27: 12.5 – 14.0 | F27: > 14.0
C28: Broken Kernels (%) | D28: < 3.0 | E28: 3.0 – 6.0 | F28: > 6.0
C29: Discoloured (%) | D29: < 3.0 | E29: 3.0 – 5.0 | F29: > 5.0
C30: Foreign Matter (%) | D30: < 1.0 | E30: 1.0 – 2.0 | F30: > 2.0
C31: Mouldy (%) | D31: < 1.0 | E31: 1.0 – 3.0 | F31: > 3.0
C32: Insect Damage (%) | D32: < 1.0 | E32: 1.0 – 2.5 | F32: > 2.5
C33: Aflatoxin (ppb) | D33: < 10 | E33: 10 – 20 | F33: > 20
C37: Scoring per parameter:
C39: Parameter | D39: Points
C40: Acceptable | D40: 0 points
C41: Borderline | D41: 1 point
C42: Reject level | D42: 2 points
C44: Total score decision:
C46: Value | D46: Decision
C47: 0-2 | D47: Accept
C48: 3–5 | D48: Conditional
C49: 6+ | D49: Reject

Sheet Charts
K2: category | L2: count | O2: Batch_ID | P2: Risk_Score
K3: accept | L3: =COUNTIF(Intake_log!W4:W18,"ACCEPT") -> 8 | O3: B001 | P3: =INDEX(Intake_log!$V$4:$V$18,MATCH(O3,Intake_log!$C$4:$C$18,0)) -> 0
K4: reject | L4: =COUNTIF(Intake_log!W4:W18,"REJECT") -> 7 | O4: B002 | P4: =INDEX(Intake_log!$V$4:$V$18,MATCH(O4,Intake_log!$C$4:$C$18,0)) -> 7
O5: B003 | P5: =INDEX(Intake_log!$V$4:$V$18,MATCH(O5,Intake_log!$C$4:$C$18,0)) -> 0
O6: B004 | P6: =INDEX(Intake_log!$V$4:$V$18,MATCH(O6,Intake_log!$C$4:$C$18,0)) -> 13
O7: B005 | P7: =INDEX(Intake_log!$V$4:$V$18,MATCH(O7,Intake_log!$C$4:$C$18,0)) -> 1
O8: B006 | P8: =INDEX(Intake_log!$V$4:$V$18,MATCH(O8,Intake_log!$C$4:$C$18,0)) -> 7
O9: B007 | P9: =INDEX(Intake_log!$V$4:$V$18,MATCH(O9,Intake_log!$C$4:$C$18,0)) -> 0
O10: B008 | P10: =INDEX(Intake_log!$V$4:$V$18,MATCH(O10,Intake_log!$C$4:$C$18,0)) -> 6
O11: B009 | P11: =INDEX(Intake_log!$V$4:$V$18,MATCH(O11,Intake_log!$C$4:$C$18,0)) -> 0
O12: B010 | P12: =INDEX(Intake_log!$V$4:$V$18,MATCH(O12,Intake_log!$C$4:$C$18,0)) -> 14
O13: B011 | P13: =INDEX(Intake_log!$V$4:$V$18,MATCH(O13,Intake_log!$C$4:$C$18,0)) -> 0
O14: B012 | P14: =INDEX(Intake_log!$V$4:$V$18,MATCH(O14,Intake_log!$C$4:$C$18,0)) -> 8
O15: B013 | P15: =INDEX(Intake_log!$V$4:$V$18,MATCH(O15,Intake_log!$C$4:$C$18,0)) -> 0
O16: B014 | P16: =INDEX(Intake_log!$V$4:$V$18,MATCH(O16,Intake_log!$C$4:$C$18,0)) -> 0
O17: B015 | P17: =INDEX(Intake_log!$V$4:$V$18,MATCH(O17,Intake_log!$C$4:$C$18,0)) -> 10
